Category,Keyword,Search Keyword,Country,Count
BI Tools,power bi,BI Analyst,France,254
Programming Languages/Software,python,Data Scientist,USA,176
Programming Languages/Software,sql,BI Analyst,France,167
BI Tools,tableau,BI Analyst,France,161
Programming Languages/Software,excel,BI Analyst,France,135
Programming Languages/Software,sql,BI Analyst,USA,133
Programming Languages/Software,c++,Product Analyst,France,130
Programming Languages/Software,c++,BI Analyst,France,127
Programming Languages/Software,python,Data Scientist,Italy,123
Programming Languages/Software,python,BI Analyst,France,120
Programming Languages/Software,python,Data Scientist,France,120
Programming Languages/Software,c++,Data Analyst,France,120
Programming Languages/Software,excel,Data Analyst,USA,115
Programming Languages/Software,excel,BI Analyst,USA,113
Programming Languages/Software,excel,Data Analyst,Italy,111
Programming Languages/Software,sql,Product Analyst,France,108
Programming Languages/Software,sql,Data Scientist,USA,107
Programming Languages/Software,sql,Data Analyst,France,99
Programming Languages/Software,excel,Product Analyst,France,98
Programming Languages/Software,python,Product Analyst,France,89
Programming Languages/Software,sql,Data Scientist,France,87
Programming Languages/Software,excel,Data Analyst,France,86
Programming Languages/Software,sql,Data Analyst,USA,82
Programming Languages/Software,python,BI Analyst,USA,80
BI Tools,tableau,Data Analyst,France,79
Programming Languages/Software,c++,Data Scientist,France,72
Programming Languages/Software,r,Data Scientist,USA,69
Programming Languages/Software,sql,Data Scientist,Italy,69
BI Tools,power bi,BI Analyst,Italy,68
Cloud Computing,aws,Data Scientist,USA,67
Data Science Platforms,informatica,Data Scientist,Italy,66
ML and Statistical Modeling,pytorch,Data Scientist,USA,64
Programming Languages/Software,python,Data Analyst,France,63
BI Tools,tableau,BI Analyst,USA,61
BI Tools,tableau,Data Analyst,USA,58
ML and Statistical Modeling,tensorflow,Data Scientist,USA,57
Programming Languages/Software,r,Data Scientist,France,56
Collaboration Tools,jira,Product Analyst,France,55
Programming Languages/Software,sql,Data Analyst,Italy,55
Programming Languages/Software,r,BI Analyst,France,54
Cloud Computing,azure,Data Scientist,USA,53
BI Tools,power bi,BI Analyst,USA,51
Programming Languages/Software,python,Data Scientist,Sweden,50
Programming Languages/Software,sql,BI Analyst,Italy,49
Cloud Computing,azure,BI Analyst,France,48
Programming Languages/Software,excel,BI Analyst,Italy,48
Programming Languages/Software,sql,Data Scientist,Sweden,46
Cloud Computing,aws,Data Scientist,Italy,46
Programming Languages/Software,r,Data Scientist,Italy,46
Programming Languages/Software,r,Product Analyst,France,46
Programming Languages/Software,python,Data Analyst,USA,44
Programming Languages/Software,r,Data Analyst,Italy,44
BI Tools,tableau,Data Scientist,France,43
Programming Languages/Software,c++,Data Scientist,USA,43
Programming Languages/Software,r,BI Analyst,USA,43
Programming Languages/Software,python,Data Analyst,Italy,42
Programming Languages/Software,c++,Data Scientist,Sweden,41
Big Data Technologies,spark,Data Scientist,USA,41
Big Data Technologies,spark,Data Scientist,Italy,41
Programming Languages/Software,go,Product Analyst,France,40
Programming Languages/Software,go,BI Analyst,USA,40
Programming Languages/Software,java,Data Scientist,USA,40
Programming Languages/Software,scala,Data Scientist,Italy,39
Programming Languages/Software,go,Data Scientist,USA,37
Cloud Computing,azure,Data Scientist,Italy,37
Cloud Computing,aws,Product Analyst,France,37
Programming Languages/Software,excel,Data Scientist,France,37
BI Tools,sap,BI Analyst,France,37
Programming Languages/Software,r,Data Analyst,USA,36
Programming Languages/Software,r,Data Analyst,France,35
Cloud Computing,gcp,Data Scientist,USA,35
Programming Languages/Software,java,Data Scientist,Sweden,35
Collaboration Tools,confluence,Product Analyst,France,34
ML and Statistical Modeling,tensorflow,Data Scientist,Italy,34
Data Science Platforms,informatica,Data Analyst,Italy,34
BI Tools,power bi,BI Analyst,Sweden,34
Programming Languages/Software,python,BI Analyst,Italy,33
Cloud Computing,azure,Data Scientist,Sweden,33
Cloud Computing,aws,BI Analyst,France,33
Cloud Computing,aws,BI Analyst,USA,32
Programming Languages/Software,java,Product Analyst,France,32
Cloud Computing,gcp,BI Analyst,France,31
BI Tools,power bi,Data Scientist,France,30
BI Tools,tableau,Data Scientist,USA,29
Version Control,git,Data Scientist,Italy,29
Big Data Technologies,snowflake,BI Analyst,France,28
ML and Statistical Modeling,pytorch,Data Scientist,Italy,28
BI Tools,tableau,BI Analyst,Italy,28
BI Tools,power bi,Data Analyst,France,28
Programming Languages/Software,c++,Data Analyst,Italy,28
Development Tools,docker,Data Scientist,USA,27
Programming Languages/Software,excel,Product Analyst,USA,27
Programming Languages/Software,c++,Data Scientist,Italy,27
ML and Statistical Modeling,scikit-learn,Data Scientist,USA,27
Programming Languages/Software,excel,Product Analyst,Italy,26
BI Tools,power bi,Data Analyst,USA,26
Programming Languages/Software,c++,Data Analyst,USA,26
Programming Languages/Software,java,Data Scientist,Italy,26
Data Science Platforms,informatica,BI Analyst,Italy,25
Cloud Computing,aws,Data Scientist,Sweden,25
Programming Languages/Software,r,Data Scientist,Sweden,24
BI Tools,tableau,Data Scientist,Italy,24
Programming Languages/Software,c++,BI Analyst,USA,24
Containerization/Orchestration,kubernetes,Data Scientist,Sweden,24
Programming Languages/Software,excel,Data Scientist,USA,24
Cloud Computing,google cloud,Data Scientist,USA,23
BI Tools,tableau,Product Analyst,France,23
Cloud Computing,azure,BI Analyst,USA,23
DBMS,oracle,Data Analyst,USA,23
Programming Languages/Software,sql,BI Analyst,Sweden,23
BI Tools,sap,Data Analyst,Italy,23
Collaboration Tools,notion,BI Analyst,France,23
Cloud Computing,azure,Product Analyst,France,23
Big Data Technologies,spark,BI Analyst,France,23
Cloud Computing,azure,Data Analyst,France,22
Big Data Technologies,spark,Data Scientist,France,22
Big Data Technologies,snowflake,BI Analyst,USA,21
DBMS,oracle,BI Analyst,France,21
Big Data Technologies,hadoop,Data Scientist,Italy,21
Development Tools,docker,Data Scientist,Sweden,21
Collaboration Tools,jira,BI Analyst,USA,21
Containerization/Orchestration,kubernetes,Data Scientist,USA,21
Version Control,git,Data Scientist,Sweden,21
BI Tools,tableau,BI Analyst,Sweden,20
Cloud Computing,gcp,Product Analyst,France,20
Version Control,git,Data Scientist,USA,20
Programming Languages/Software,javascript,Data Scientist,Sweden,20
Collaboration Tools,jira,BI Analyst,France,20
Version Control,git,Product Analyst,France,20
ML and Statistical Modeling,pytorch,Data Scientist,France,20
DBMS,oracle,BI Analyst,USA,19
ML and Statistical Modeling,scikit-learn,Data Scientist,Italy,19
Programming Languages/Software,r,BI Analyst,Italy,19
ML and Statistical Modeling,tensorflow,Data Scientist,France,19
Big Data Technologies,bigquery,BI Analyst,France,19
BI Tools,qlik,BI Analyst,France,19
Programming Languages/Software,sql,Product Analyst,Sweden,19
Development Tools,docker,Product Analyst,France,19
Big Data Technologies,spark,Product Analyst,France,18
Programming Languages/Software,sql,Product Analyst,USA,18
BI Tools,qlik,BI Analyst,Italy,18
BI Tools,sap,BI Analyst,USA,18
Version Control,git,Data Scientist,France,17
BI Tools,tableau,Data Analyst,Italy,17
Programming Languages/Software,javascript,Data Scientist,USA,17
Big Data Technologies,bigquery,Product Analyst,France,17
Cloud Computing,azure,Data Scientist,France,17
ML and Statistical Modeling,scikit-learn,Data Scientist,France,17
BI Tools,sap,Product Analyst,France,16
Programming Languages/Software,excel,Data Scientist,Italy,16
Data Science Platforms,databricks,Data Scientist,USA,16
BI Tools,power bi,Data Scientist,USA,16
Programming Languages/Software,java,Data Analyst,Italy,16
Programming Languages/Software,go,Data Analyst,USA,16
Cloud Computing,aws,Data Scientist,France,16
Collaboration Tools,notion,Data Analyst,France,16
Data Science Platforms,dataiku,BI Analyst,France,16
Programming Languages/Software,java,BI Analyst,France,16
Cloud Computing,gcp,Data Scientist,Italy,16
Big Data Technologies,spark,BI Analyst,USA,15
BI Tools,looker,BI Analyst,France,15
Programming Languages/Software,typescript,Data Scientist,Sweden,15
Development Tools,docker,Data Scientist,Italy,15
BI Tools,sap,Data Analyst,France,15
Cloud Computing,google cloud,Data Scientist,Italy,15
Workflow Management,airflow,Product Analyst,France,15
Data Science Platforms,alteryx,BI Analyst,France,15
Big Data Technologies,snowflake,Data Scientist,USA,15
Collaboration Tools,jira,Data Scientist,Sweden,15
Cloud Computing,gcp,BI Analyst,USA,14
Collaboration Tools,jira,Data Analyst,France,14
Cloud Computing,gcp,Data Scientist,France,14
DBMS,postgresql,Product Analyst,France,14
DBMS,oracle,Product Analyst,France,14
Data Science Platforms,dataiku,Data Scientist,France,14
Data Science Platforms,databricks,Data Scientist,Italy,14
Workflow Management,airflow,BI Analyst,France,14
Programming Languages/Software,go,BI Analyst,France,14
Programming Languages/Software,go,Data Analyst,Italy,14
Collaboration Tools,jira,Data Analyst,USA,13
Programming Languages/Software,go,Product Analyst,Sweden,13
Programming Languages/Software,python,Product Analyst,Sweden,13
Workflow Management,airflow,Data Scientist,USA,13
Data Science Platforms,talend,BI Analyst,France,13
Data Science Platforms,databricks,BI Analyst,France,13
Big Data Technologies,redshift,BI Analyst,France,13
Containerization/Orchestration,kubernetes,BI Analyst,France,13
Cloud Computing,google cloud,Product Analyst,France,13
Big Data Technologies,snowflake,Product Analyst,France,13
Programming Languages/Software,r,Product Analyst,Sweden,13
DBMS,oracle,Data Analyst,Italy,13
BI Tools,qlik,Data Analyst,Italy,13
Programming Languages/Software,go,Product Analyst,USA,12
Programming Languages/Software,excel,Product Analyst,Sweden,12
Collaboration Tools,notion,Product Analyst,France,12
Cloud Computing,azure,BI Analyst,Italy,12
Programming Languages/Software,scala,BI Analyst,France,12
BI Tools,looker,BI Analyst,USA,12
Collaboration Tools,jira,Product Analyst,USA,12
Programming Languages/Software,scala,Data Scientist,USA,12
Version Control,github,Product Analyst,France,12
Containerization/Orchestration,kubernetes,Data Scientist,Italy,12
Cloud Computing,aws,Data Analyst,France,12
Cloud Computing,google cloud,Data Scientist,Sweden,11
Programming Languages/Software,java,BI Analyst,USA,11
Big Data Technologies,hadoop,Data Scientist,USA,11
Programming Languages/Software,javascript,Data Analyst,France,11
Workflow Management,airflow,Data Scientist,France,11
BI Tools,qlik,Data Scientist,Italy,11
BI Tools,power bi,Data Scientist,Italy,11
BI Tools,sap,BI Analyst,Italy,11
Programming Languages/Software,javascript,Product Analyst,France,11
Version Control,git,BI Analyst,France,11
BI Tools,looker,Product Analyst,France,11
Version Control,gitlab,Product Analyst,France,11
Big Data Technologies,kafka,BI Analyst,France,11
Big Data Technologies,hadoop,Data Scientist,France,11
Big Data Technologies,redshift,Product Analyst,France,11
Programming Languages/Software,excel,BI Analyst,Sweden,10
Containerization/Orchestration,kubernetes,Product Analyst,France,10
Big Data Technologies,kafka,Data Scientist,USA,10
DBMS,mongodb,Data Scientist,Italy,10
Programming Languages/Software,go,Product Analyst,Italy,10
Programming Languages/Software,sql,Data Analyst,Sweden,10
Big Data Technologies,kafka,Data Scientist,Italy,10
Data Science Platforms,alteryx,BI Analyst,USA,10
Data Science Platforms,databricks,BI Analyst,USA,10
ML and Statistical Modeling,sagemaker,Data Scientist,USA,10
Programming Languages/Software,python,BI Analyst,Sweden,10
ML and Statistical Modeling,tensorflow,Data Scientist,Sweden,10
BI Tools,sap,Data Analyst,USA,10
Programming Languages/Software,typescript,Data Scientist,USA,9
Version Control,github,Data Scientist,USA,9
Programming Languages/Software,sql,Product Analyst,Italy,9
Programming Languages/Software,c++,BI Analyst,Italy,9
ML and Statistical Modeling,pytorch,Data Scientist,Sweden,9
BI Tools,looker,Data Analyst,USA,9
Development Tools,docker,BI Analyst,France,9
Collaboration Tools,jira,Data Scientist,USA,9
Programming Languages/Software,python,Product Analyst,Italy,9
Big Data Technologies,bigquery,Data Analyst,France,9
BI Tools,metabase,Product Analyst,France,9
Collaboration Tools,confluence,Data Analyst,France,9
Big Data Technologies,bigquery,Data Scientist,Italy,9
Cloud Computing,gcp,Data Analyst,France,8
Big Data Technologies,hadoop,BI Analyst,France,8
Cloud Computing,google cloud,BI Analyst,France,8
DBMS,mysql,Product Analyst,France,8
Workflow Management,kubeflow,Data Scientist,USA,8
Programming Languages/Software,matlab,Data Scientist,USA,8
Cloud Computing,aws,Data Analyst,USA,8
Data Science Platforms,mlflow,Data Scientist,USA,8
Cloud Computing,aws,BI Analyst,Italy,8
BI Tools,qlik,Data Analyst,France,8
Big Data Technologies,kafka,Data Scientist,Sweden,8
Collaboration Tools,confluence,BI Analyst,France,8
Programming Languages/Software,java,Data Scientist,France,8
Programming Languages/Software,scala,Data Scientist,France,8
BI Tools,looker,Data Analyst,France,8
Big Data Technologies,snowflake,Data Scientist,France,8
Big Data Technologies,redshift,BI Analyst,USA,8
Big Data Technologies,hive,Data Scientist,USA,8
BI Tools,tableau,Product Analyst,USA,8
DBMS,postgresql,BI Analyst,France,8
DBMS,oracle,Data Scientist,Italy,8
Data Science Platforms,alteryx,Data Analyst,France,8
Development Tools,docker,Data Scientist,France,8
Big Data Technologies,kafka,Product Analyst,France,8
Big Data Technologies,hive,Data Scientist,Italy,8
Version Control,gitlab,Data Scientist,France,8
Cloud Computing,google cloud,Data Analyst,France,7
Programming Languages/Software,scala,BI Analyst,Italy,7
Programming Languages/Software,excel,Data Scientist,Sweden,7
Programming Languages/Software,r,Product Analyst,Italy,7
Version Control,github,BI Analyst,USA,7
BI Tools,tableau,Product Analyst,Sweden,7
BI Tools,qlik,Data Scientist,France,7
BI Tools,tableau,Data Scientist,Sweden,7
Cloud Computing,google cloud,BI Analyst,USA,7
Programming Languages/Software,javascript,Data Scientist,Italy,7
Programming Languages/Software,matlab,Data Scientist,Italy,7
Programming Languages/Software,c++,Product Analyst,USA,7
Data Science Platforms,databricks,Product Analyst,France,7
Cloud Computing,aws,Data Analyst,Italy,7
BI Tools,sap,Product Analyst,Sweden,7
Cloud Computing,azure,BI Analyst,Sweden,7
Big Data Technologies,snowflake,Data Analyst,USA,7
Data Science Platforms,talend,Data Scientist,Italy,7
Data Science Platforms,informatica,Product Analyst,Italy,7
Big Data Technologies,hadoop,BI Analyst,USA,7
Programming Languages/Software,c++,Product Analyst,Italy,7
Big Data Technologies,bigquery,BI Analyst,USA,7
Programming Languages/Software,r,BI Analyst,Sweden,7
BI Tools,looker,Data Scientist,USA,7
DBMS,mongodb,Data Scientist,USA,7
DBMS,oracle,Data Scientist,USA,7
BI Tools,sap,Data Scientist,Italy,7
Programming Languages/Software,javascript,Data Analyst,USA,6
Programming Languages/Software,javascript,BI Analyst,France,6
Programming Languages/Software,scala,BI Analyst,USA,6
Programming Languages/Software,stata,Data Analyst,USA,6
Big Data Technologies,bigquery,Data Scientist,France,6
Big Data Technologies,bigquery,Data Scientist,Sweden,6
BI Tools,looker studio,BI Analyst,France,6
ML and Statistical Modeling,xgboost,Data Scientist,USA,6
Cloud Computing,google cloud,Data Scientist,France,6
Version Control,github,Data Scientist,Italy,6
Programming Languages/Software,stata,Data Analyst,Italy,6
Programming Languages/Software,php,Data Scientist,Italy,6
Programming Languages/Software,scala,Data Analyst,Italy,6
ML and Statistical Modeling,tensorflow,BI Analyst,France,6
Programming Languages/Software,bash,Data Analyst,Italy,6
Data Science Platforms,dataiku,Data Analyst,France,6
ML and Statistical Modeling,scikit-learn,Data Scientist,Sweden,6
Collaboration Tools,notion,Data Scientist,France,6
Development Tools,jupyter,Data Scientist,USA,6
Data Science Platforms,mlflow,Data Scientist,Italy,6
DBMS,mongodb,Product Analyst,France,6
Programming Languages/Software,python,Data Analyst,Sweden,6
Big Data Technologies,kafka,BI Analyst,USA,6
Programming Languages/Software,scala,Product Analyst,France,6
BI Tools,sap,Data Scientist,France,6
Collaboration Tools,confluence,Data Analyst,USA,6
Cloud Computing,azure,Data Analyst,USA,6
BI Tools,tableau,Product Analyst,Italy,6
DBMS,mysql,Data Scientist,USA,6
Programming Languages/Software,java,Data Analyst,France,6
Programming Languages/Software,swift,Product Analyst,France,6
Programming Languages/Software,typescript,Product Analyst,France,6
BI Tools,metabase,BI Analyst,France,6
DBMS,oracle,Data Scientist,Sweden,6
Big Data Technologies,hive,Data Scientist,France,6
ML and Statistical Modeling,vertex ai,Data Scientist,USA,5
DBMS,oracle,Data Analyst,France,5
Containerization/Orchestration,kubernetes,Data Scientist,France,5
Programming Languages/Software,excel,Data Analyst,Sweden,5
Programming Languages/Software,java,Product Analyst,Italy,5
Programming Languages/Software,javascript,Data Analyst,Italy,5
DBMS,oracle,Data Scientist,France,5
Workflow Management,airflow,Data Scientist,Italy,5
Cloud Computing,gcp,Data Scientist,Sweden,5
Cloud Computing,azure,Product Analyst,Sweden,5
Data Science Platforms,informatica,BI Analyst,France,5
Data Science Platforms,databricks,Data Scientist,France,5
DBMS,postgresql,Data Analyst,France,5
Programming Languages/Software,kotlin,Data Scientist,Sweden,5
Collaboration Tools,jira,Data Analyst,Italy,5
Cloud Computing,gcp,BI Analyst,Italy,5
Big Data Technologies,redshift,Data Scientist,USA,5
DBMS,mysql,Data Scientist,Italy,5
ML and Statistical Modeling,pytorch,BI Analyst,France,5
Data Science Platforms,databricks,BI Analyst,Sweden,5
Data Visualization Tools,matplotlib,Data Scientist,USA,5
Development Tools,docker,BI Analyst,USA,5
Big Data Technologies,snowflake,Data Analyst,France,5
Big Data Technologies,snowflake,BI Analyst,Sweden,5
Programming Languages/Software,bash,Data Scientist,Italy,5
Big Data Technologies,redshift,Data Scientist,France,5
Big Data Technologies,bigquery,Data Scientist,USA,5
Big Data Technologies,snowflake,Data Scientist,Sweden,5
BI Tools,sap,Data Scientist,USA,5
ML and Statistical Modeling,sagemaker,Data Scientist,Italy,5
Data Science Platforms,databricks,Data Analyst,France,5
Version Control,github,Data Analyst,France,5
DBMS,cassandra,Data Scientist,USA,5
Containerization/Orchestration,kubernetes,BI Analyst,USA,5
Containerization/Orchestration,openshift,Data Scientist,Sweden,5
Programming Languages/Software,javascript,Data Scientist,France,5
Collaboration Tools,confluence,Product Analyst,USA,5
Data Science Platforms,informatica,Data Analyst,USA,5
BI Tools,looker,Data Scientist,Italy,5
Programming Languages/Software,go,Data Analyst,France,5
Programming Languages/Software,sas,BI Analyst,France,5
Version Control,git,Data Analyst,France,5
BI Tools,power bi,Product Analyst,France,5
Programming Languages/Software,php,Product Analyst,France,5
BI Tools,qlik,BI Analyst,Sweden,5
Big Data Technologies,hadoop,Data Scientist,Sweden,5
Big Data Technologies,bigquery,BI Analyst,Sweden,4
Programming Languages/Software,r,Product Analyst,USA,4
Programming Languages/Software,python,Product Analyst,USA,4
BI Tools,looker,Product Analyst,Sweden,4
Data Science Platforms,alteryx,Data Analyst,USA,4
Big Data Technologies,hadoop,Product Analyst,France,4
Big Data Technologies,hive,BI Analyst,France,4
Programming Languages/Software,scala,Data Scientist,Sweden,4
Programming Languages/Software,r,Data Analyst,Sweden,4
Collaboration Tools,confluence,BI Analyst,USA,4
Big Data Technologies,bigquery,Data Analyst,Italy,4
DBMS,postgresql,Data Scientist,USA,4
Workflow Management,airflow,Data Analyst,France,4
DBMS,microsoft sql server,Data Analyst,USA,4
BI Tools,looker,Data Analyst,Italy,4
Version Control,gitlab,BI Analyst,France,4
Version Control,git,Data Analyst,USA,4
Version Control,github,Data Analyst,USA,4
Programming Languages/Software,go,Data Scientist,Italy,4
Data Science Platforms,talend,Data Scientist,France,4
Programming Languages/Software,go,BI Analyst,Italy,4
Data Science Platforms,talend,Data Analyst,France,4
Big Data Technologies,spark,Data Scientist,Sweden,4
DBMS,postgresql,Data Scientist,France,4
Data Science Platforms,informatica,Data Analyst,France,4
DBMS,postgresql,Data Scientist,Sweden,4
Development Tools,jupyter,Data Scientist,France,4
Big Data Technologies,spark,Data Analyst,France,4
ML and Statistical Modeling,sagemaker,BI Analyst,France,4
DBMS,mysql,Data Analyst,Italy,4
DBMS,redis,Data Scientist,Italy,4
Big Data Technologies,redshift,Data Analyst,USA,4
Big Data Technologies,spark,Data Analyst,USA,4
Data Science Platforms,dataiku,Product Analyst,France,4
Data Science Platforms,alteryx,Product Analyst,France,4
Programming Languages/Software,java,Data Analyst,USA,4
Version Control,git,Product Analyst,Italy,4
Programming Languages/Software,stata,Data Scientist,USA,4
DBMS,mongodb,BI Analyst,France,4
Programming Languages/Software,go,Data Scientist,Sweden,4
BI Tools,looker,Product Analyst,USA,4
DBMS,mysql,BI Analyst,USA,3
Big Data Technologies,snowflake,Data Scientist,Italy,3
DBMS,postgresql,Data Analyst,USA,3
DBMS,mysql,Data Analyst,USA,3
BI Tools,looker,Data Scientist,France,3
BI Tools,sap,Product Analyst,Italy,3
Cloud Computing,aws,Product Analyst,Italy,3
ML and Statistical Modeling,scikit-learn,BI Analyst,France,3
Collaboration Tools,jira,BI Analyst,Italy,3
Big Data Technologies,spark,BI Analyst,Sweden,3
Programming Languages/Software,matlab,BI Analyst,USA,3
DBMS,mysql,BI Analyst,France,3
Cloud Computing,gcp,BI Analyst,Sweden,3
Workflow Management,airflow,BI Analyst,USA,3
Programming Languages/Software,swift,BI Analyst,USA,3
Version Control,git,BI Analyst,USA,3
Programming Languages/Software,matlab,Data Analyst,Italy,3
Programming Languages/Software,bash,Data Analyst,USA,3
Data Science Platforms,alteryx,Data Scientist,France,3
Cloud Computing,aws,Product Analyst,Sweden,3
Data Science Platforms,talend,Product Analyst,France,3
Data Science Platforms,informatica,Product Analyst,France,3
Programming Languages/Software,java,BI Analyst,Italy,3
BI Tools,power bi,Product Analyst,USA,3
ML and Statistical Modeling,xgboost,BI Analyst,France,3
Cloud Computing,azure,Data Analyst,Italy,3
Big Data Technologies,snowflake,Product Analyst,USA,3
DBMS,mysql,Product Analyst,Italy,3
ML and Statistical Modeling,xgboost,Data Scientist,France,3
ML and Statistical Modeling,tensorflow,Product Analyst,France,3
DBMS,mongodb,Data Analyst,Italy,3
ML and Statistical Modeling,lightgbm,BI Analyst,France,3
Development Tools,docker,Data Analyst,France,3
Big Data Technologies,snowflake,Product Analyst,Sweden,3
Big Data Technologies,storm,BI Analyst,France,3
Big Data Technologies,flink,Data Scientist,USA,3
ML and Statistical Modeling,vertex ai,Data Scientist,Italy,3
Development Tools,netbeans,Data Analyst,Italy,3
ML and Statistical Modeling,pytorch,BI Analyst,USA,3
Programming Languages/Software,go,Data Scientist,France,3
BI Tools,looker,Product Analyst,Italy,3
DBMS,microsoft sql server,BI Analyst,USA,3
Workflow Management,airflow,Data Scientist,Sweden,3
DBMS,neo4j,Data Scientist,USA,3
BI Tools,looker,Data Analyst,Sweden,3
Collaboration Tools,jira,Data Scientist,France,3
Collaboration Tools,confluence,Data Scientist,France,3
BI Tools,tableau,Data Analyst,Sweden,3
BI Tools,looker studio,Product Analyst,France,3
Cloud Computing,azure,Product Analyst,USA,3
Big Data Technologies,kafka,Data Scientist,France,3
Cloud Computing,google cloud,BI Analyst,Sweden,3
Collaboration Tools,confluence,Data Scientist,Sweden,3
Big Data Technologies,bigquery,BI Analyst,Italy,3
Programming Languages/Software,julia,Product Analyst,France,3
Collaboration Tools,jira,Product Analyst,Sweden,3
BI Tools,looker,Data Scientist,Sweden,3
Collaboration Tools,slack,Product Analyst,France,3
Programming Languages/Software,c++,Product Analyst,Sweden,3
Version Control,git,Data Analyst,Italy,3
Programming Languages/Software,go,BI Analyst,Sweden,3
Programming Languages/Software,go,Data Analyst,Sweden,3
Programming Languages/Software,ruby,Data Scientist,Italy,3
Programming Languages/Software,javascript,BI Analyst,Italy,3
Data Science Platforms,databricks,Data Scientist,Sweden,3
Development Tools,jupyter,Data Scientist,Italy,3
Development Tools,docker,Data Analyst,Italy,3
Development Tools,eclipse,Data Analyst,Italy,3
Cloud Computing,azure,Product Analyst,Italy,3
Data Visualization Tools,seaborn,Data Scientist,USA,3
DBMS,postgresql,Data Scientist,Italy,3
Big Data Technologies,spark,BI Analyst,Italy,2
Collaboration Tools,slack,BI Analyst,USA,2
Collaboration Tools,slack,Data Analyst,USA,2
Containerization/Orchestration,openshift,Data Scientist,USA,2
DBMS,db2,BI Analyst,USA,2
DBMS,mongodb,BI Analyst,USA,2
DBMS,microsoft sql server,Data Scientist,USA,2
Version Control,git,BI Analyst,Sweden,2
BI Tools,looker studio,Data Scientist,France,2
Data Science Platforms,alteryx,Data Scientist,USA,2
Big Data Technologies,snowflake,Data Analyst,Italy,2
DBMS,mysql,Data Scientist,Sweden,2
Collaboration Tools,confluence,Product Analyst,Sweden,2
Big Data Technologies,flink,Data Scientist,Italy,2
Big Data Technologies,redshift,Data Analyst,Italy,2
Big Data Technologies,redshift,Data Scientist,Italy,2
Programming Languages/Software,rust,Data Scientist,Sweden,2
BI Tools,power bi,Data Analyst,Italy,2
BI Tools,metabase,Data Analyst,Italy,2
BI Tools,sap,Data Analyst,Sweden,2
BI Tools,power bi,Data Analyst,Sweden,2
BI Tools,superset,Product Analyst,France,2
BI Tools,superset,Data Analyst,France,2
Big Data Technologies,redshift,Data Analyst,France,2
BI Tools,power bi,Data Scientist,Sweden,2
BI Tools,looker studio,Data Analyst,France,2
Big Data Technologies,bigquery,Product Analyst,Sweden,2
Programming Languages/Software,scala,Data Analyst,USA,2
Programming Languages/Software,sas,BI Analyst,USA,2
Programming Languages/Software,stata,BI Analyst,USA,2
BI Tools,thoughtspot,Product Analyst,Sweden,2
Programming Languages/Software,rust,Data Scientist,USA,2
Big Data Technologies,bigquery,Data Analyst,Sweden,2
BI Tools,qlik,Product Analyst,Sweden,2
BI Tools,sap,BI Analyst,Sweden,2
Programming Languages/Software,php,Data Scientist,France,2
Programming Languages/Software,sas,Data Analyst,France,2
Programming Languages/Software,matlab,Product Analyst,France,2
Programming Languages/Software,matlab,Data Scientist,France,2
Version Control,github,BI Analyst,France,2
Programming Languages/Software,typescript,Data Scientist,France,2
Programming Languages/Software,swift,BI Analyst,France,2
Version Control,git,Product Analyst,Sweden,2
Version Control,github,BI Analyst,Sweden,2
Version Control,github,Data Scientist,Sweden,2
Version Control,gitlab,Data Scientist,Sweden,2
DBMS,redis,Data Scientist,USA,2
DBMS,oracle,Product Analyst,USA,2
DBMS,postgresql,BI Analyst,USA,2
Programming Languages/Software,bash,BI Analyst,France,2
Big Data Technologies,hdfs,Product Analyst,France,2
Big Data Technologies,kafka,Data Analyst,France,2
Big Data Technologies,hive,Data Analyst,France,2
Data Science Platforms,databricks,Product Analyst,USA,2
Cloud Computing,oracle cloud,Data Analyst,USA,2
Data Science Platforms,informatica,BI Analyst,USA,2
Data Science Platforms,dataiku,Data Scientist,USA,2
Data Visualization Tools,seaborn,Data Scientist,Italy,2
ML and Statistical Modeling,keras,Data Scientist,USA,2
Data Visualization Tools,matplotlib,Data Scientist,Italy,2
Data Visualization Tools,seaborn,Data Analyst,Italy,2
Big Data Technologies,bigquery,Product Analyst,USA,2
Big Data Technologies,hadoop,Data Analyst,USA,2
Big Data Technologies,hive,BI Analyst,USA,2
Development Tools,docker,Product Analyst,Italy,2
Data Visualization Tools,matplotlib,Data Analyst,USA,2
Data Science Platforms,databricks,Product Analyst,Sweden,2
Big Data Technologies,redshift,Product Analyst,USA,2
Big Data Technologies,spark,Product Analyst,USA,2
Collaboration Tools,jira,Product Analyst,Italy,2
DBMS,cassandra,Data Scientist,Italy,2
Cloud Computing,google cloud,BI Analyst,Italy,2
Cloud Computing,gcp,Data Analyst,Italy,2
Development Tools,jupyter,Data Scientist,Sweden,2
DBMS,db2,Product Analyst,Italy,2
DBMS,neo4j,Data Scientist,Italy,2
DBMS,postgresql,Data Analyst,Italy,2
Data Visualization Tools,seaborn,Data Analyst,USA,2
ML and Statistical Modeling,scikit-learn,Product Analyst,France,2
ML and Statistical Modeling,sagemaker,Data Scientist,France,2
ML and Statistical Modeling,pytorch,Product Analyst,France,2
BI Tools,qlik,BI Analyst,USA,2
BI Tools,qlik,Data Analyst,USA,2
Big Data Technologies,bigquery,Data Analyst,USA,2
ML and Statistical Modeling,scikit-learn,Data Analyst,Italy,2
ML and Statistical Modeling,xgboost,Data Scientist,Italy,2
ML and Statistical Modeling,statsmodels,Data Analyst,Italy,2
Data Visualization Tools,matplotlib,Data Analyst,Italy,2
Data Science Platforms,knime,Data Scientist,Italy,2
Data Science Platforms,informatica,Data Scientist,France,2
Data Science Platforms,mlflow,BI Analyst,France,2
Cloud Computing,aws,BI Analyst,Sweden,2
ML and Statistical Modeling,sagemaker,Data Scientist,Sweden,2
Programming Languages/Software,matlab,Data Scientist,Sweden,2
Programming Languages/Software,php,Data Scientist,Sweden,2
DBMS,mysql,Data Analyst,France,2
Big Data Technologies,spark,Product Analyst,Sweden,2
Programming Languages/Software,bash,Data Scientist,USA,2
Programming Languages/Software,javascript,BI Analyst,USA,2
Programming Languages/Software,javascript,BI Analyst,Sweden,2
Version Control,bitbucket,BI Analyst,USA,2
Programming Languages/Software,matlab,BI Analyst,Italy,2
Collaboration Tools,asana,Product Analyst,France,2
Programming Languages/Software,javascript,Product Analyst,Italy,2
Programming Languages/Software,rust,Data Analyst,Italy,2
Programming Languages/Software,swift,Product Analyst,USA,2
DBMS,db2,Product Analyst,France,2
DBMS,mongodb,Data Analyst,France,2
DBMS,firebase,Product Analyst,France,2
Programming Languages/Software,php,BI Analyst,USA,2
Programming Languages/Software,c++,BI Analyst,Sweden,2
Version Control,git,BI Analyst,Italy,2
Programming Languages/Software,typescript,Data Scientist,Italy,2
BI Tools,looker studio,BI Analyst,Sweden,1
BI Tools,looker studio,Data Analyst,Sweden,1
BI Tools,looker studio,Product Analyst,Sweden,1
BI Tools,qlik,Data Analyst,Sweden,1
BI Tools,superset,Data Analyst,Sweden,1
Programming Languages/Software,php,Data Analyst,USA,1
Programming Languages/Software,ruby,Data Analyst,USA,1
Version Control,gitlab,BI Analyst,USA,1
Version Control,gitlab,Data Analyst,USA,1
BI Tools,looker,BI Analyst,Sweden,1
Programming Languages/Software,sas,Product Analyst,Italy,1
Programming Languages/Software,scala,Product Analyst,Italy,1
Programming Languages/Software,stata,BI Analyst,Italy,1
Programming Languages/Software,stata,Data Scientist,Italy,1
Programming Languages/Software,swift,Data Analyst,Italy,1
Programming Languages/Software,typescript,Product Analyst,Italy,1
Version Control,github,BI Analyst,Italy,1
ML and Statistical Modeling,vertex ai,Data Scientist,Sweden,1
ML and Statistical Modeling,xgboost,Data Scientist,Sweden,1
Programming Languages/Software,ruby,Data Analyst,Italy,1
Programming Languages/Software,sas,Data Analyst,Italy,1
Programming Languages/Software,sas,Data Scientist,Italy,1
Programming Languages/Software,php,Data Analyst,Italy,1
Programming Languages/Software,php,Product Analyst,Italy,1
Programming Languages/Software,javascript,Product Analyst,Sweden,1
Programming Languages/Software,matlab,Product Analyst,Sweden,1
Programming Languages/Software,bash,Product Analyst,Italy,1
Version Control,github,Product Analyst,Italy,1
Workflow Management,kubeflow,Data Scientist,Italy,1
BI Tools,looker studio,BI Analyst,USA,1
BI Tools,sap,Product Analyst,USA,1
Development Tools,pycharm,Data Scientist,Italy,1
Development Tools,rstudio,Data Scientist,Italy,1
Development Tools,vscode,Data Scientist,Italy,1
ML and Statistical Modeling,keras,Data Scientist,Italy,1
ML and Statistical Modeling,lightgbm,Data Scientist,Italy,1
ML and Statistical Modeling,statsmodels,Data Scientist,Italy,1
Programming Languages/Software,java,BI Analyst,Sweden,1
Programming Languages/Software,java,Product Analyst,Sweden,1
Data Science Platforms,dataiku,Data Scientist,Italy,1
Data Science Platforms,talend,BI Analyst,Italy,1
Data Science Platforms,talend,Data Analyst,Italy,1
Data Visualization Tools,plotly,BI Analyst,Italy,1
Big Data Technologies,hive,Data Analyst,USA,1
Big Data Technologies,kafka,Data Analyst,USA,1
DBMS,oracle,Product Analyst,Sweden,1
Data Science Platforms,alteryx,BI Analyst,Sweden,1
DBMS,microsoft sql server,BI Analyst,Italy,1
DBMS,oracle,BI Analyst,Italy,1
DBMS,oracle,Product Analyst,Italy,1
DBMS,postgresql,Product Analyst,Italy,1
Data Science Platforms,databricks,Data Analyst,Italy,1
Data Science Platforms,dataiku,BI Analyst,Sweden,1
Data Science Platforms,knime,BI Analyst,Sweden,1
Data Science Platforms,knime,Data Analyst,Sweden,1
Data Science Platforms,mlflow,Data Scientist,Sweden,1
Data Visualization Tools,matplotlib,Data Scientist,Sweden,1
Data Visualization Tools,seaborn,Data Scientist,Sweden,1
Development Tools,jupyter,Product Analyst,Sweden,1
Cloud Computing,google cloud,Product Analyst,Italy,1
Cloud Computing,oracle cloud,Data Analyst,Italy,1
Collaboration Tools,confluence,BI Analyst,Italy,1
Collaboration Tools,confluence,Product Analyst,Italy,1
Collaboration Tools,jira,Data Scientist,Italy,1
Containerization/Orchestration,kubernetes,Product Analyst,Italy,1
Containerization/Orchestration,openshift,Data Scientist,Italy,1
Cloud Computing,gcp,Data Analyst,USA,1
Cloud Computing,google cloud,Data Analyst,USA,1
Cloud Computing,google cloud,Product Analyst,USA,1
Cloud Computing,ibm cloud,Data Scientist,USA,1
Cloud Computing,ibm cloud,Product Analyst,USA,1
Cloud Computing,oracle cloud,BI Analyst,USA,1
Collaboration Tools,asana,BI Analyst,USA,1
Big Data Technologies,spark,Data Analyst,Italy,1
Big Data Technologies,spark streaming,Data Scientist,Italy,1
Programming Languages/Software,sas,BI Analyst,Sweden,1
Programming Languages/Software,sas,Data Scientist,Sweden,1
Programming Languages/Software,stata,Data Scientist,Sweden,1
Programming Languages/Software,swift,Data Scientist,Sweden,1
Programming Languages/Software,swift,Product Analyst,Sweden,1
Version Control,bitbucket,Data Scientist,Sweden,1
BI Tools,superset,Data Scientist,Italy,1
Big Data Technologies,apache nifi,Data Scientist,Italy,1
Big Data Technologies,hadoop,BI Analyst,Italy,1
Big Data Technologies,hdfs,Data Scientist,Italy,1
Big Data Technologies,redshift,BI Analyst,Italy,1
Collaboration Tools,jira,BI Analyst,Sweden,1
Collaboration Tools,jira,Data Analyst,Sweden,1
DBMS,firebase,Product Analyst,Sweden,1
DBMS,microsoft sql server,Data Scientist,Sweden,1
DBMS,mysql,BI Analyst,Sweden,1
DBMS,oracle,BI Analyst,Sweden,1
DBMS,oracle,Data Analyst,Sweden,1
Collaboration Tools,asana,Data Analyst,USA,1
Collaboration Tools,confluence,Data Scientist,USA,1
Version Control,github,Data Analyst,Sweden,1
Version Control,gitlab,BI Analyst,Sweden,1
Workflow Management,airflow,Product Analyst,Sweden,1
Workflow Management,kubeflow,Data Scientist,Sweden,1
Workflow Management,luigi,Data Scientist,Sweden,1
Workflow Management,prefect,Data Scientist,Sweden,1
BI Tools,qlik,Product Analyst,Italy,1
Collaboration Tools,notion,Data Analyst,USA,1
Collaboration Tools,trello,Product Analyst,USA,1
Containerization/Orchestration,kubernetes,Data Analyst,USA,1
DBMS,couchbase,Data Scientist,USA,1
DBMS,microsoft sql server,Product Analyst,USA,1
Version Control,github,Data Scientist,France,1
Version Control,gitlab,Data Analyst,France,1
BI Tools,looker,BI Analyst,Italy,1
BI Tools,looker studio,Data Analyst,Italy,1
BI Tools,looker studio,Product Analyst,Italy,1
BI Tools,metabase,BI Analyst,Italy,1
BI Tools,metabase,Data Scientist,France,1
BI Tools,qlik,Product Analyst,France,1
Version Control,bitbucket,Data Analyst,France,1
Version Control,bitbucket,Product Analyst,France,1
Programming Languages/Software,php,BI Analyst,France,1
Programming Languages/Software,php,Data Analyst,France,1
Programming Languages/Software,ruby,Product Analyst,France,1
Programming Languages/Software,scala,Data Analyst,France,1
Programming Languages/Software,swift,Data Analyst,France,1
BI Tools,superset,BI Analyst,France,1
Big Data Technologies,apache nifi,Product Analyst,France,1
Programming Languages/Software,kotlin,Product Analyst,France,1
DBMS,redis,BI Analyst,USA,1
Data Science Platforms,alteryx,Product Analyst,USA,1
Programming Languages/Software,bash,Data Analyst,France,1
Programming Languages/Software,bash,Data Scientist,France,1
Programming Languages/Software,bash,Product Analyst,France,1
Big Data Technologies,flink,Data Analyst,France,1
Big Data Technologies,hadoop,Data Analyst,France,1
Big Data Technologies,hdfs,Data Analyst,France,1
Data Science Platforms,databricks,Data Analyst,USA,1
Data Science Platforms,knime,Data Scientist,USA,1
Data Science Platforms,mlflow,BI Analyst,USA,1
Data Science Platforms,rapidminer,Data Scientist,USA,1
Data Science Platforms,talend,BI Analyst,USA,1
Data Science Platforms,talend,Data Analyst,USA,1
Data Visualization Tools,d3.js,BI Analyst,USA,1
Data Visualization Tools,d3.js,Data Scientist,USA,1
Data Visualization Tools,ggplot2,Data Scientist,USA,1
ML and Statistical Modeling,pytorch,Data Analyst,France,1
ML and Statistical Modeling,scikit-learn,Data Analyst,France,1
ML and Statistical Modeling,tensorflow,Data Analyst,France,1
ML and Statistical Modeling,vertex ai,BI Analyst,France,1
ML and Statistical Modeling,xgboost,Data Analyst,France,1
Data Visualization Tools,plotly,Data Scientist,USA,1
Development Tools,docker,Data Analyst,USA,1
Development Tools,jupyter,BI Analyst,USA,1
Development Tools,rstudio,Data Analyst,USA,1
Development Tools,rstudio,Data Scientist,USA,1
ML and Statistical Modeling,catboost,Data Scientist,USA,1
ML and Statistical Modeling,sagemaker,BI Analyst,USA,1
ML and Statistical Modeling,scikit-learn,BI Analyst,USA,1
Data Visualization Tools,plotly,Data Analyst,France,1
Data Visualization Tools,plotly,Data Scientist,France,1
Data Visualization Tools,seaborn,Data Analyst,France,1
Data Visualization Tools,seaborn,Data Scientist,France,1
Development Tools,eclipse,Product Analyst,France,1
Development Tools,jupyter,Product Analyst,France,1
Development Tools,vscode,Product Analyst,France,1
ML and Statistical Modeling,statsmodels,Data Scientist,USA,1
Big Data Technologies,redshift,Data Scientist,Sweden,1
Big Data Technologies,spark,Data Analyst,Sweden,1
ML and Statistical Modeling,tensorflow,BI Analyst,USA,1
Data Science Platforms,knime,BI Analyst,France,1
Data Science Platforms,knime,Data Analyst,France,1
Data Science Platforms,mlflow,Data Scientist,France,1
Data Science Platforms,mlflow,Product Analyst,France,1
Data Visualization Tools,d3.js,Data Analyst,France,1
Data Visualization Tools,d3.js,Data Scientist,France,1
Data Visualization Tools,d3.js,Product Analyst,France,1
Data Visualization Tools,matplotlib,Data Analyst,France,1
Data Visualization Tools,matplotlib,Data Scientist,France,1
Data Visualization Tools,plotly,BI Analyst,France,1
DBMS,redis,Product Analyst,France,1
Data Science Platforms,datarobot,BI Analyst,France,1
Cloud Computing,heroku,Product Analyst,France,1
Cloud Computing,ibm cloud,BI Analyst,France,1
Cloud Computing,oracle cloud,Product Analyst,France,1
Collaboration Tools,asana,BI Analyst,France,1
DBMS,mysql,Data Scientist,France,1
DBMS,neo4j,Product Analyst,France,1
ML and Statistical Modeling,xgboost,BI Analyst,USA,1
Programming Languages/Software,java,Product Analyst,USA,1
Programming Languages/Software,kotlin,BI Analyst,USA,1
Programming Languages/Software,kotlin,Data Scientist,USA,1
Programming Languages/Software,matlab,Data Analyst,USA,1
Collaboration Tools,slack,Data Analyst,France,1
Collaboration Tools,trello,BI Analyst,France,1
Collaboration Tools,trello,Data Analyst,France,1
Collaboration Tools,trello,Product Analyst,France,1
DBMS,cassandra,BI Analyst,France,1
DBMS,couchdb,Product Analyst,France,1
DBMS,firebase,Data Analyst,France,1
DBMS,mariadb,Product Analyst,France,1
DBMS,mongodb,Data Scientist,France,1
Programming Languages/Software,swift,Data Analyst,USA,1
Programming Languages/Software,typescript,Data Analyst,USA,1
Version Control,bitbucket,Data Scientist,USA,1
BI Tools,thoughtspot,Data Analyst,Sweden,1
BI Tools,thoughtspot,Data Scientist,Sweden,1
Big Data Technologies,hadoop,Product Analyst,Sweden,1
Big Data Technologies,hive,Data Scientist,Sweden,1
Big Data Technologies,hive,Product Analyst,Sweden,1
Big Data Technologies,redshift,BI Analyst,Sweden,1
